ASIN,Titulo,Amazon Price (USD),Calculated MXN (Scraper),Published Price (Site)
B0CW6N79NT,"2 Botes Dmso Líquido 473ml",N/A,N/A,1999.00
B01GBELE7G,"2 Botellas DMSO 99.9% Heiltropfen",N/A,N/A,1499.00
B0CMN243FQ,"Crema DMSO Dr. Robaina 114 gramos",N/A,N/A,1199.00
B09HN9S5C5,"3 Botes de Dmso Líquido 237 ml",N/A,N/A,1599.00
B0CWYQ2536,"Dr. Robaina DMSO Lavender Roll-On - Alivio definitivo del dolor y nutrición de la piel | 99.9% de grado farmacéutico puro con árnica magnesio aloe vera vitamina E | Fabricado en los Estados Unidos",N/A,N/A,1076.00
B006SW94SI,"DMSO CREMA ROSA 70/30 ALOE 4 OZ",N/A,N/A,913.00
B00016QZ0C,"DMSO Gel con Aloe Vera 4 onzas",N/A,N/A,906.00
B0FKHJKB4W,"Earth Harmony DMSO grado farmacéutico 99.9% (sulfóxido de dimetilo) pureza - DMSO líquido 99.9% puro con cuentagotas (2 onzas)",N/A,N/A,915.00
B0BS1YRGYD,"DMSO",N/A,N/A,690.00
B00Z2449PG,"DMSO Gel 70/30 - Sin fragancia - 4 oz - 99% DMSO Puro - Natures's Gift",N/A,N/A,915.00
B000PM1OVW,"99.9% Pure DMSO Liquid; 70% DMSO / 30% agua destilada - 8 fl. oz.",31,1358.70,1358.70
B0CMN5RN2X,"Dr. Robaina DMSO Roll-On - Cuidado de la piel de rápida absorción con árnica magnesio aloe vera y vitamina E | Fórmula no grasa para comodidad muscular y articular | Fabricado en los Estados Unidos",N/A,N/A,955.00
B01EU54A1K,"70% DMSO - Ingredientes de grado farmacéutico | Dimetilsulfóxido líquido 3.4 oz - 3.4 fl oz | Alta pureza | Bajo olor | Heiltropfen® DMSO Liquid 70/30",N/A,N/A,958.00
B000K74RRA,"DMSO Roll On 70/30 Aloe Plast - 3 oz - Líquido",N/A,N/A,964.00
B0070Z7KME,"DMSO Crema con aloe vera aroma de rosa 4 oz 4 Un solo color",N/A,N/A,1009.00
B000WUCGS2,"DMSO Suplemento puro 8 onzas líquidas",N/A,N/A,1045.00
B01C94TQ86,"DMSO 3 oz. Roll-on 5 botellas especiales 99.995% de bajo olor grado farmacéutico líquido sin BPA contenedor",N/A,N/A,1685.00
B0CV26NVGT,"Dmso Líquido 473ml Sin BPA",N/A,N/A,1399.00
B071FHTRVD,"DMSO 70/30 16 oz. Gel con agua destilada 99.995% puro DMSO de bajo olor grado farmacéutico dimetilsulfóxido",N/A,N/A,1092.00
B0DPRNYRDF,"DMSO Gel con aloe vera | Mezcla de dimetilsulfóxido de grado farmacéutico 70/30 | tarro de plástico sin BPA de 16 onzas (1 libra)",N/A,N/A,1108.00
B000K78Z96,"Nature’s Gift DMSO líquido 99.9% puro plástico 8 onzas líquidas",N/A,N/A,1107.00
B084BV1VPF,"DMSO Pharma Grade 99.9% Ph. EUR. 8.45 fl oz - 8.5 fl oz | DMSO líquido puro en botella de vidrio ámbar | Sin diluir e inodoro | Fabricado en Alemania",N/A,N/A,1362.00
B0FLQ4LJTY,"DMSO Crema 99.9% DMSO puro bajo olor no graso 4 onzas",36,1525.42,1525.42
B01D0HSE70,"DMSO 3 oz. Rollo en 4 botellas Especial No diluido 99.995% Líquido de bajo olor grado farmacéutico en un recipiente sin BPA",N/A,N/A,1493.00
B0CJMMBT3P,"DMSO puro en una botella de vidrio dimetil sulfóxido líquido puro 16.9 onzas no diluido bajo olor",N/A,N/A,1525.00
B01K3UWXRO,"DMSO 50% Gel con agua desionizada y aloe vera botella de 4 onzas",48,1925.56,1925.56
B0752VGK4Q,"DMSO Gel - Contenedor sin BPA de grado farmacéutico 99.995 % sin diluir 99.995 % de bajo olor",N/A,N/A,1557.00
B0C57H1NSQ,"Paquete/juego de 2 unidades DMSO 99.9% 3.4 fl oz + gel DMSO con aloe vera 5 oz. | Heiltropfen®",45.6,1845.53,1845.53
B01K3RZ5OU,"DMSO 70% Gel con agua desionizada y aloe vera botella de 4 onzas",48,1925.56,1925.56
B01K3TMZ4G,"DMSO 70% Gel con deionized Bomba de agua y Aloe Vera 16 oz botella",95,3492.78,3492.78
B01BSYQ0XC,"DMSO Líquido al 99.995% Botella Vidrio",N/A,N/A,1499.00
B01K3RJBGS,"DMSO 70% Gel con deionized y Aloe Vera Bomba de 8 oz botella de agua",64,2459.08,2459.08
B09FHZJTPP,"DMSO Un galón (128 onzas) puro 99995% líquido de grado farmacéutico sin olor.",N/A,N/A,4122.00
B0DM5V5WFM,"DMSO 70% con agua desmineralizada 30% - Botella de vidrio 3.38oz con cuentagotas",N/A,N/A,980.00
B07SYRC5P6,"DMSO - Dimetilsulfóxido | Pipeta + Spray 3.4 oz - 3.4 fl oz | Ingredientes de grado farmacéutico | Alta pureza | Bajo olor | Heiltropfen®",N/A,N/A,1009.00
B09XX7J8KP,"Herbal Mana Crema DMSO de incienso para el dolor articular | Royal Warrior",N/A,N/A,1556.00
B0C5ZQFCKB,"Stellar Chemical DMSO - Dimetilsulfóxido - 1 galón - 99.99% de alta pureza - Fabricado en Estados Unidos",N/A,N/A,3481.00
B0DFHQFJFC,"99.9% DMSO puro en una botella de vidrio dimetilsulfóxido líquido puro de 16.9 onzas no diluido bajo olor",N/A,N/A,1525.00
B0CV23CDTZ,"DMSO Liquid 1 - Jarra de vidrio puro 99.995% grado farmacéutico no diluida bajo olor dimetilsulfóxido",N/A,N/A,5084.00
B0GRXBLZGJ,"DMSO Cream Grado Farmacéutico: 99.9% DMSO puro con magnesio árnica y aloe vera para comodidad muscular y articular crema tópica de acción rápida para el bienestar corporal (4 onzas (paquete",34,1458.73,1458.73
B0GMYJM28S,"DMSO - Crema de masaje refrescante + paquete de crema de barrera botánica para la piel 2 frascos (4 onzas y 5 onzas) mentol y árnica + aloe avena ceramidas",43.98,1791.51,1791.51
B0DX9BJQ1K,"DMSO HOT Essentials Bundle – 99.9% puro grado farmacéutico DMSO | Crema hidratante y enrollable de calentamiento | Fórmula de rápida absorción y no grasa | Fabricado en Estados Unidos",52.94,2090.28,2090.28
B0DX961FWK,"DMSO - Paquete esencial de lavanda y árnica – 99.9% puro grado farmacéutico DMSO y gel de árnica | Crema hidratante y enrollable de lavanda | Absorción rápida y no grasa | Fabricado en Estados Unidos",74.91,2822.87,2822.87
B0DX7JK7FJ,"DMSO - Paquete de alivio de lavanda y árnica – 99.9% puro grado farmacéutico DMSO y crema de árnica | Fórmula líquida y enrollable de lavanda | Absorción rápida e hidratante | Fabricado en Estados",68.91,2622.80,2622.80
B000S83KRO,"DMSO - Gel sin fragancia 16 onzas",35,1492.08,1492.08
B004Q83X8I,"DMSO Liquid Roll-On con Aloe Vera - 3 fl oz",17,891.87,891.87
B0GHFBPNRS,"Líquido DMSO puro 99.99% de 8 onzas líquidas paquete de 4 (2 onzas líquidas cada uno) disolvente de sulfóxido de dimetilo de alta pureza botellas de vidrio transparente con gotero separado",23.99,1124.95,1124.95
B0F8BCTF77,"Paquete DMSO – 99.9% puro grado farmacéutico DMSO + 60% DMSO con 40% magnesio – Dos botellas de vidrio de 3.38 onzas con goteros – Solución tópica de sulfóxido de dimetilo",46.98,1891.55,1891.55
B0DX7KPM9S,"Ultimate Arnica & DMSO - Paquete de alivio líquido de árnica y DMSO de grado farmacéutico 99.9% puro | Fórmula líquida de hidratación profunda y absorción rápida | Fabricado en Estados Unidos",24.97,1157.62,1157.62
B01LBGIRMY,"Solución DMSO Pharma Grade 48 onzas 9999%. Absolutamente inodora",26.97,1224.31,1224.31
B00VDIEOD2,"Líquido 70/30 - 8 oz - 99.9% DMSO puro - Se cree que ayuda a estimular los procesos celulares",29,1292.01,1292.01
B08L17HL3D,"DMSO Líquido - 99.9% Pureza",N/A,N/A,1199.00
B01BUDXJLW,"Frasco de 3 oz de dimetilsulfóxido (DMSO) de grado farmacéutico 999995 % no diluido inodoro sin BPA",N/A,N/A,756.00
B0CB6W8Y27,"DMSO - Dimetil sulfóxido líquido de 8 onzas. Empaquetado en una botella estéril sin BPA sin diluir ultra alta pureza 99.995% de bajo olor grado farmacéutico fabricado por DMSO Store.",N/A,N/A,852.00
B071GL217W,"Gotas líquidas DMSO con pipeta (1.7 fl oz) | sulfóxido de dimetilo | 99.9% DMSO puro grado farmacéutico | Actuación rápida tópica | NEW ROOTS HERBAL",N/A,N/A,1009.00
B07CN1WN6G,"Mezcla de aceite DMSO y magnesio por el Dr. Hartmut Fischer (3.4 onzas) ingredientes de grado farmacéutico alta pureza bajo olor Heiltropfen®",N/A,N/A,1035.00
B07G8168W8,"DMSO grado farmacéutico con 99.9% de pureza y bajo olor botella de vidrio de 3.38 onzas (sulfóxido de dimetilo) con cuentagotas",N/A,N/A,1076.00
B01J95FTRA,"Kit de rollo de DMSO de grado regular con botella de 32 onzas 99.9% puro",72,2725.84,2725.84
B01HCLZQK8,"Grado farmacéutico 9998% puro DMSO REFILLABLE ROLL EN botella DILUIDO al 70%",27,1225.32,1225.32
B0DX8MX293,"DMSO HOT & Arnica Recovery Bundle – 99.9% puro grado farmacéutico DMSO | Calentamiento roll-on de gel de rápida absorción y árnica roll-on | Fabricado en Estados Unidos",69.91,2656.15,2656.15
B0CWYNDNH6,"Dr. Robaina Crema DMSO de lavanda – 99.9% de grado farmacéutico puro | Fórmula nutritiva para la piel con magnesio Zechstein árnica aloe vera vitamina E – 4 onzas | Fabricado en Estados Unidos",N/A,N/A,1076.00
B0DX88D165,"DMSO HOT Lavender Essentials Bundle – 99.9% puro grado farmacéutico DMSO | Crema de lavanda cálida y calmante | Absorción rápida y no grasa | Fabricado en Estados Unidos",52.94,2090.28,2090.28
B0BSDPRZJK,"HMP Nervio Roll-On para pies manos piernas dedos de los pies espalda 2000mg cáñamo con mentol y árnica fórmula refrescante relajante fabricado en Estados Unidos 1.7 fl oz 1 paquete",28.99,1291.67,1291.67
B0DX8FMRZR,"Paquete de recuperación de gel Arnica & DMSO – 99.9% puro grado farmacéutico DMSO y árnica roll-on | Crema de lavanda y gel de rápida absorción | Hidratante y no graso | Fabricado en Estados Unidos",66.91,2556.11,2556.11
B0DYVCC9MS,"DMSO Bundle 99.9% y 70% DMSO – 2 × 3.4 fl oz sulfóxido de dimetilo de grado farmacéutico en botellas de vidrio ámbar con cuentagotas de precisión",46.98,1891.55,1891.55
B0C6YL14S1,"DMSO 8 oz. Líquido en una botella de vidrio estéril puro 99.995% grado farmacéutico no diluido bajo olor dimetilsulfóxido fabricado por DMSO Store",N/A,N/A,1285.00
B09NCL7B2K,"Herbal Mana Incienso DMSO Gel con Ácido Hialurónico",N/A,N/A,1556.00
B0F6DGCDPF,"Dimetil sulfóxido (DMSO) 99.95% líquido puro | 8 oz. DMSO grado farmacéutico sin diluir | Sin diluir e inodoro contenido en botella de vidrio de alta calidad",N/A,N/A,1172.00
B07L7WVK5M,"DMSO (sulfóxido de dimetilo) 99.9% - Grado farmacéutico 8.45oz botella de vidrio",N/A,N/A,1621.00
B0F8BF5PHZ,"Paquete DMSO – 99.9% DMSO puro + 70% DMSO con agua desmineralizada + 60% DMSO con magnesio – Tres botellas de vidrio de 3.38 onzas con goteros – Grado tópico de sulfóxido de dimetilo",67,2559.12,2559.12
B0GHPW5NMF,"DMSO Cream 99.9% puro grado farmacéutico para comodidad tópica muscular y articular con MSM árnica y magnesio - Soporte para rodillas espalda hombros y recuperación muscular de",24,1125.28,1125.28
B0FHGVVC69,"Crema DMSO 99.9% pura de bajo olor no grasa 4 onzas",38.99,1625.12,1625.12
B0DX8N5H8N,"Paquete de recuperación de DMSO y árnica – DMSO de grado farmacéutico 99.9% puro y ungüento de árnica | crema gel de lavanda y árnica | hidratación profunda y nutrición | Fabricado en Estados Unidos",118.81,4286.72,4286.72
B0DX9BJ4X4,"DMSO HOT Ultimate Relief Bundle – 99.9% puro grado farmacéutico DMSO y árnica | Calentamiento roll-on roll-on de lavanda y ungüento de árnica | Absorción rápida y no grasa | Fabricado en Estados",52.94,2090.28,2090.28
B0CMN482L7,"Dr. Robaina DMSO Gel - 99.9% de grado farmacéutico puro | Fórmula de alivio de la piel con magnesio Zechstein árnica aloe vera vitamina E | Comodidad muscular y articular | 4 onzas | Fabricado en",N/A,N/A,1076.00
B0GC3FXH32,"DMSO Crema para articulaciones y músculos fórmula avanzada de enfriamiento para molestias musculares rigidez articular y apoyo de movilidad diaria con árnica MSM magnesio vitamina E",22,1058.59,1058.59
B00CQ7RI3M,"Dmso Gel 70/30 Aloe Plástico 4 Oz",23,1091.94,1091.94
B001E0XPZW,"Gel 70/30 Aloe Plástico 4 Oz6",23,1091.94,1091.94
B0FLPRZ362,"Crema DMSO",24,1125.28,1125.28
B0GGGPM7CL,"Crema 70% DMSO dimetilsulfóxido de grado farmacológico con almendra dulce salvado de arroz y aceite de ricino lavanda y árbol de té lote pequeño hecho a mano en",16,858.52,858.52
B0FBWYCFJR,"DMSO Crema con magnesio y MSM - Crema tópica ligera con aloe vera árnica y vitamina E - Absorción rápida no grasosa - 3 onzas",18.39,938.21,938.21
B0FLWB86TQ,"Dimetil sulfóxido (DMSO) 99.95% líquido puro | 8 oz. DMSO sin diluir | Sin diluir e inodoro contenido en botella de vidrio premium",17.99,924.88,924.88
B0DS66GP71,"DMSO 99.9% grado farmacéutico dimetilsulfóxido líquido puro 8 onzas líquidas en botella de vidrio sin diluir de bajo olor",29.99,1325.02,1325.02
B0FXRKSBTP,"DMSO Liquid 99.9% puro (sulfóxido de dimetilo) 8 onzas líquidas sin diluir bajo olor alta pureza botella de vidrio ámbar",20.99,1024.91,1024.91
B0CJVCQHMT,"SciatiFlex Crema ciática tópica - Máxima fuerza para molestias del nervio ciático en la parte inferior de la espalda caderas glúteos piernas y pies - Crema de cáñamo con extracto de árnica manteca",49.99,1991.92,1991.92
B0FR4XH43M,"DMSO 10 oz (pureza 99.995%) grado farmacéutico - sulfóxido de dimetilo embalaje de botella de vidrio de 10 onzas",25,1158.63,1158.63
B0DNBG8RK8,"DMSO Liquid - Dimetilsulfóxido de grado farmacéutico 99.9% puro | Apoyo tópico calmante y bienestar general | Bajo olor | Fabricado en Estados Unidos | 8 oz por Dr. Robaina",46.97,1891.21,1891.21
B00B6YCBWE,"99.98% DMSO puro RECARGABLE ROLL EN BOLLA SIN DILUTAR",27,1225.32,1225.32
B0DXNFCD3P,"Crema DMSO 99.9% pura de rápida absorción bajo olor no grasosa 4 onzas",39,1625.46,1625.46
