Producto retirado,Redirige a,Puntaje de similitud
"2 Botes Dmso Líquido 473ml","DMSO Líquido al 99.995% Botella Vidrio","49"
"3 Botes de Dmso Líquido 237 ml","DMSO Líquido al 99.995% Botella Vidrio","49"
"99.9% DMSO puro en una botella de vidrio, dimetilsulfóxido líquido puro de 16.9 onzas, no diluido, bajo olor","DMSO puro en una botella de vidrio, dimetil sulfóxido líquido puro 16.9 onzas, no diluido, bajo olor","65"
"DMSO - Dimetil sulfóxido líquido de 8 onzas. Empaquetado en una botella estéril sin BPA sin diluir, ultra alta pureza, 99.995% de bajo olor, grado farmacéutico fabricado por DMSO Store.","DMSO 8 oz. Líquido en una botella de vidrio estéril, puro 99.995% grado farmacéutico, no diluido, bajo olor, dimetilsulfóxido fabricado por DMSO Store","82"
"DMSO 3 oz. Roll-on 5 botellas especiales 99.995% de bajo olor grado farmacéutico líquido sin BPA contenedor","Dr. Robaina DMSO Lavender Roll-On - Alivio definitivo del dolor y nutrición de la piel | 99.9% de grado farmacéutico puro con árnica, magnesio, aloe vera, vitamina E | Fabricado en los Estados Unidos","55"
"DMSO 3 oz. Rollo en 4 botellas Especial No diluido 99.995% Líquido de bajo olor grado farmacéutico en un recipiente sin BPA","Dr. Robaina DMSO Lavender Roll-On - Alivio definitivo del dolor y nutrición de la piel | 99.9% de grado farmacéutico puro con árnica, magnesio, aloe vera, vitamina E | Fabricado en los Estados Unidos","45"
"DMSO Roll On 70/30 Aloe Plast - 3 oz - Líquido","Dr. Robaina DMSO Roll-On - Cuidado de la piel de rápida absorción con árnica, magnesio, aloe vera y vitamina E | Fórmula no grasa para comodidad muscular y articular | Fabricado en los Estados Unidos","48"
"DMSO Suplemento puro, 8 onzas líquidas","Dimetil sulfóxido (DMSO) 99.95% líquido puro | 8 oz. DMSO grado farmacéutico sin diluir | Sin diluir e inodoro, contenido en botella de vidrio de alta calidad","49"
"Dmso Líquido 473ml Sin BPA","Dimetil sulfóxido (DMSO) 99.95% líquido puro | 8 oz. DMSO grado farmacéutico sin diluir | Sin diluir e inodoro, contenido en botella de vidrio de alta calidad","52"
"Gotas líquidas DMSO con pipeta (1.7 fl oz) | sulfóxido de dimetilo | 99.9% DMSO puro grado farmacéutico | Actuación rápida tópica | NEW ROOTS HERBAL","Earth Harmony DMSO grado farmacéutico 99.9% (sulfóxido de dimetilo) pureza - DMSO líquido 99.9% puro con cuentagotas (2 onzas)","56"
"Nature’s Gift DMSO líquido 99.9% puro, plástico, 8 onzas líquidas","Earth Harmony DMSO grado farmacéutico 99.9% (sulfóxido de dimetilo) pureza - DMSO líquido 99.9% puro con cuentagotas (2 onzas)","57"
"DMSO Gel - Contenedor sin BPA de grado farmacéutico 99.995 % sin diluir, 99.995 % de bajo olor","DMSO 70/30 16 oz. Gel con agua destilada 99.995% puro DMSO de bajo olor grado farmacéutico dimetilsulfóxido","69"
"DMSO Gel 70/30 - Sin fragancia - 4 oz - 99% DMSO Puro - Natures's Gift","Dr. Robaina DMSO Gel - 99.9% de grado farmacéutico puro | Fórmula de alivio de la piel con magnesio Zechstein, árnica, aloe vera, vitamina E | Comodidad muscular y articular | 4 onzas | Fabricado en","59"
"99.9% Pure DMSO Liquid; 70% DMSO / 30% agua destilada - 8 fl. oz.","DMSO Liquid - Dimetilsulfóxido de grado farmacéutico 99.9% puro | Apoyo tópico calmante y bienestar general | Bajo olor | Fabricado en Estados Unidos | 8 oz por Dr. Robaina","53"
"99.98% DMSO puro RECARGABLE ROLL EN BOLLA SIN DILUTAR","DMSO 99.9% grado farmacéutico, dimetilsulfóxido líquido puro, 8 onzas líquidas en botella de vidrio, sin diluir, de bajo olor","45"
"Crema 70% DMSO, dimetilsulfóxido de grado farmacológico con almendra dulce, salvado de arroz y aceite de ricino, lavanda y árbol de té, lote pequeño, hecho a mano en","Dr. Robaina Crema DMSO de lavanda – 99.9% de grado farmacéutico puro | Fórmula nutritiva para la piel con magnesio Zechstein, árnica, aloe vera, vitamina E – 4 onzas | Fabricado en Estados Unidos","37"
"Crema DMSO","Crema DMSO Dr. Robaina 114 gramos","34"
"Crema DMSO, 99.9% pura, de bajo olor, no grasa, 4 onzas","Dr. Robaina Crema DMSO de lavanda – 99.9% de grado farmacéutico puro | Fórmula nutritiva para la piel con magnesio Zechstein, árnica, aloe vera, vitamina E – 4 onzas | Fabricado en Estados Unidos","49"
"Crema DMSO, 99.9% pura, de rápida absorción, bajo olor, no grasosa, 4 onzas","Dr. Robaina Crema DMSO de lavanda – 99.9% de grado farmacéutico puro | Fórmula nutritiva para la piel con magnesio Zechstein, árnica, aloe vera, vitamina E – 4 onzas | Fabricado en Estados Unidos","49"
"DMSO - Crema de masaje refrescante + paquete de crema de barrera botánica para la piel, 2 frascos (4 onzas y 5 onzas), mentol y árnica + aloe, avena, ceramidas","DMSO - Paquete de alivio de lavanda y árnica – 99.9% puro grado farmacéutico DMSO y crema de árnica | Fórmula líquida y enrollable de lavanda | Absorción rápida e hidratante | Fabricado en Estados","55"
"DMSO - Gel sin fragancia, 16 onzas","DMSO Gel con aloe vera | Mezcla de dimetilsulfóxido de grado farmacéutico 70/30 | tarro de plástico sin BPA de 16 onzas (1 libra)","44"
"DMSO 50% Gel con agua desionizada y aloe vera botella de 4 onzas","Dr. Robaina DMSO Gel - 99.9% de grado farmacéutico puro | Fórmula de alivio de la piel con magnesio Zechstein, árnica, aloe vera, vitamina E | Comodidad muscular y articular | 4 onzas | Fabricado en","47"
"DMSO 70% Gel con agua desionizada y aloe vera botella de 4 onzas","Dr. Robaina DMSO Gel - 99.9% de grado farmacéutico puro | Fórmula de alivio de la piel con magnesio Zechstein, árnica, aloe vera, vitamina E | Comodidad muscular y articular | 4 onzas | Fabricado en","47"
"DMSO 70% Gel con deionized y Aloe Vera Bomba de 8 oz botella de agua","Dr. Robaina DMSO Gel - 99.9% de grado farmacéutico puro | Fórmula de alivio de la piel con magnesio Zechstein, árnica, aloe vera, vitamina E | Comodidad muscular y articular | 4 onzas | Fabricado en","40"
"DMSO Cream 99.9% puro grado farmacéutico para comodidad tópica muscular y articular con MSM, árnica y magnesio - Soporte para rodillas, espalda, hombros y recuperación muscular de","Dr. Robaina Crema DMSO de lavanda – 99.9% de grado farmacéutico puro | Fórmula nutritiva para la piel con magnesio Zechstein, árnica, aloe vera, vitamina E – 4 onzas | Fabricado en Estados Unidos","41"
"DMSO Cream Grado Farmacéutico: 99.9% DMSO puro con magnesio, árnica y aloe vera para comodidad muscular y articular, crema tópica de acción rápida para el bienestar corporal (4 onzas (paquete","DMSO - Paquete de alivio de lavanda y árnica – 99.9% puro grado farmacéutico DMSO y crema de árnica | Fórmula líquida y enrollable de lavanda | Absorción rápida e hidratante | Fabricado en Estados","69"
"DMSO Crema con magnesio y MSM - Crema tópica ligera con aloe vera, árnica y vitamina E - Absorción rápida, no grasosa - 3 onzas","Dr. Robaina Crema DMSO de lavanda – 99.9% de grado farmacéutico puro | Fórmula nutritiva para la piel con magnesio Zechstein, árnica, aloe vera, vitamina E – 4 onzas | Fabricado en Estados Unidos","49"
"DMSO Crema para articulaciones y músculos, fórmula avanzada de enfriamiento para molestias musculares, rigidez articular y apoyo de movilidad diaria, con árnica, MSM, magnesio, vitamina E","Dr. Robaina Crema DMSO de lavanda – 99.9% de grado farmacéutico puro | Fórmula nutritiva para la piel con magnesio Zechstein, árnica, aloe vera, vitamina E – 4 onzas | Fabricado en Estados Unidos","46"
"DMSO Crema, 99.9% DMSO puro, bajo olor, no graso, 4 onzas","Dr. Robaina Crema DMSO de lavanda – 99.9% de grado farmacéutico puro | Fórmula nutritiva para la piel con magnesio Zechstein, árnica, aloe vera, vitamina E – 4 onzas | Fabricado en Estados Unidos","49"
"DMSO Liquid 99.9% puro (sulfóxido de dimetilo), 8 onzas líquidas, sin diluir, bajo olor, alta pureza, botella de vidrio ámbar","DMSO 99.9% grado farmacéutico, dimetilsulfóxido líquido puro, 8 onzas líquidas en botella de vidrio, sin diluir, de bajo olor","72"
"DMSO Liquid Roll-On con Aloe Vera - 3 fl oz","Dr. Robaina DMSO Roll-On - Cuidado de la piel de rápida absorción con árnica, magnesio, aloe vera y vitamina E | Fórmula no grasa para comodidad muscular y articular | Fabricado en los Estados Unidos","40"
"Dimetil sulfóxido (DMSO) 99.95% líquido puro | 8 oz. DMSO sin diluir | Sin diluir e inodoro, contenido en botella de vidrio premium","DMSO 99.9% grado farmacéutico, dimetilsulfóxido líquido puro, 8 onzas líquidas en botella de vidrio, sin diluir, de bajo olor","65"
"Dmso Gel 70/30 Aloe Plástico 4 Oz","Dr. Robaina DMSO Gel - 99.9% de grado farmacéutico puro | Fórmula de alivio de la piel con magnesio Zechstein, árnica, aloe vera, vitamina E | Comodidad muscular y articular | 4 onzas | Fabricado en","44"
"Gel 70/30 Aloe Plástico 4 Oz6","DMSO Gel con aloe vera | Mezcla de dimetilsulfóxido de grado farmacéutico 70/30 | tarro de plástico sin BPA de 16 onzas (1 libra)","40"
"Grado farmacéutico 99,98% puro DMSO REFILLABLE ROLL EN botella DILUIDO al 70%","DMSO 99.9% grado farmacéutico, dimetilsulfóxido líquido puro, 8 onzas líquidas en botella de vidrio, sin diluir, de bajo olor","45"
"HMP Nervio Roll-On para pies, manos, piernas, dedos de los pies, espalda 2000mg cáñamo con mentol y árnica, fórmula refrescante relajante, fabricado en Estados Unidos, 1.7 fl oz, 1 paquete","DMSO HOT & Arnica Recovery Bundle – 99.9% puro grado farmacéutico DMSO | Calentamiento roll-on de gel de rápida absorción y árnica roll-on | Fabricado en Estados Unidos","55"
"Kit de rollo de DMSO de grado regular con botella de 32 onzas, 99.9% puro","Paquete/juego de 2 unidades DMSO 99.9% 3.4 fl oz + gel DMSO con aloe vera 5 oz. | Heiltropfen®","50"
"Líquido 70/30 - 8 oz - 99.9% DMSO puro - Se cree que ayuda a estimular los procesos celulares","DMSO 99.9% grado farmacéutico, dimetilsulfóxido líquido puro, 8 onzas líquidas en botella de vidrio, sin diluir, de bajo olor","64"
"SciatiFlex Crema ciática tópica - Máxima fuerza para molestias del nervio ciático en la parte inferior de la espalda, caderas, glúteos, piernas y pies - Crema de cáñamo con extracto de árnica, manteca","Dr. Robaina Crema DMSO de lavanda – 99.9% de grado farmacéutico puro | Fórmula nutritiva para la piel con magnesio Zechstein, árnica, aloe vera, vitamina E – 4 onzas | Fabricado en Estados Unidos","37"
"Solución DMSO Pharma Grade, 48 onzas, 99,99%. Absolutamente inodora","DMSO 99.9% grado farmacéutico, dimetilsulfóxido líquido puro, 8 onzas líquidas en botella de vidrio, sin diluir, de bajo olor","42"
